1,Marchelle Rubinsky,2004-01-04
2,Kirsti Petty,1992-06-02
3,Amy Rundle,1997-01-28
4,Fleur Ritchman,2005-02-19
5,Giff Hawyes,1990-07-28
6,Ginevra Raymond,2003-08-07
7,Ros Kenafaque,1993-11-30
8,Edouard Nickless,2001-01-17
9,Caryn Tenaunt,2007-09-10
10,Chlo Vossing,1991-08-18
11,Stepha McCosh,1994-04-16
12,Jerrie Martino,2001-12-11
13,Modestia Dendle,1999-06-24
14,Vassili Kindell,1999-11-21
15,Garrick Leverett,2006-11-01
16,Emery Parrish,2000-01-18
17,Illa Zanni,2000-05-13
18,Car Tromans,2005-05-13
19,Oralee Drabble,1999-10-31
20,Mitchell MacLaig,1995-06-06
21,Hamel Larkins,2008-03-18
22,Eran O'Lunney,1994-12-20
23,Laura Wise,2009-04-11
24,Mela Paulson,1993-04-30
25,Demetris Thornton-Dewhirst,2003-05-08
26,Jeramie Borton,1995-07-17
27,Eydie Giraudeau,1998-04-23
28,Ash Bissex,2007-03-01
29,Audry Askwith,2002-07-07
30,Carlin Saylor,1991-10-05
31,Persis Lavers,1993-10-10
32,Martainn Twydell,1994-03-29
33,Georg Gethings,1996-02-06
34,Harland Ible,1999-08-14
35,Sayres Annandale,1996-04-19
36,Bekki Sparway,1997-08-07
37,Griffy Smails,2004-09-20
38,Jonis Rosengren,1990-01-05
39,Gae Larham,1999-04-28
40,Claire Hansell,1999-10-23
41,Dagmar O'Fergus,2007-10-29
42,Vivia Kielty,1993-02-28
43,Rhianna Harp,1991-08-28
44,Chelsy Garrelts,2006-06-27
45,Jude O'Shaughnessy,1995-11-20
46,Benedikta Galway,2002-12-16
47,Wenonah Botwood,1997-06-07
48,Hildagard Wixon,1991-09-25
49,Ardisj Espinel,1999-06-10
50,Arden Fensome,2008-07-18
51,Yul Folger,1990-12-27
52,Abe Kopps,2008-04-15
53,Katherina Carillo,2004-07-19
54,Gan Astin,2006-06-12
55,Dulcinea Ruilton,1995-10-16
56,Kayla Iwaszkiewicz,2007-05-26
57,Nicolais Garroway,1994-05-07
58,Simon Kumar,1990-04-17
59,Camey Snaddon,2004-11-17
60,Opalina Usherwood,2000-05-22
61,Charin Loxston,2008-10-30
62,Stace Piatkowski,1997-01-27
63,Hershel Pylkynyton,1999-05-17
64,Hannah Smartman,1993-06-30
65,Peggie Heffernan,2003-05-12
66,Rosy Labroue,2003-09-03
67,Marijn Blinckhorne,2001-10-20
68,Guss Pee,2009-08-08
69,Nowell Reneke,2009-12-05
70,Orazio Klisch,2005-04-01
71,Humfrid Borsnall,1997-10-02
72,Grantley Allett,2004-04-02
73,Crysta Skynner,1994-10-19
74,Timi Mayou,2000-11-19
75,Ade Vargas,2003-01-03
76,Wendie Steward,2002-12-07
77,Nikola Tibbotts,2003-08-01
78,Lizabeth Dorney,2002-02-10
79,Modesty Moogan,1990-12-28
80,Madison Whyte,1994-07-03
81,Hyatt Bastin,1997-11-08
82,Israel Norwell,1995-10-03
83,Syman Girkin,2004-09-06
84,Glenine Lomb,2003-04-26
85,Ricki Flecknell,1993-07-25
86,Harriette Danby,2002-08-14
87,Tymon Landers,1993-06-30
88,Gabriella Clarabut,1995-04-08
89,Ollie Cockayne,2002-04-30
90,Brianna Pacey,1998-03-28
91,Hillery Candy,1991-11-26
92,Tarrance Pedrollo,1996-12-18
93,Nonie Grube,1998-08-16
94,Sheridan Fipp,2007-09-14
95,Michale Oddboy,1996-06-08
96,Nikoletta Saffell,1990-04-18
97,Rudiger Twigley,1996-05-10
98,Lorenzo Ridgeway,1993-07-25
99,Johanna O'Donohue,2007-12-18
100,Markos Chittey,1992-11-13
